2|3|3|5|comment1
3|4|4|5|Komentar
4|5|5|5|Comment
5|5|5|5|Super
6|4|1|1|jako lose
7|5|5|5|Comment
8|5|5|5|Comment
9|5|5|5|Comment
10|5|5|5|Comment
11|5|5|5|Comment
12|5|5|5|Comment
13|5|5|5|Comment
14|5|5|5|Comment
15|5|5|5|Comment
16|5|5|5|Comment
17|5|5|5|Comment
18|5|5|5|Comment
19|5|5|5|Comment
20|5|5|5|Comment
21|5|5|5|Comment
22|5|5|5|Comment
23|5|5|5|Comment
24|5|5|5|Comment
25|5|5|5|Comment
26|5|5|5|Comment
27|5|5|5|Comment
28|5|5|5|Comment
29|5|5|5|Comment
30|5|5|5|Comment
31|5|5|5|Comment
32|5|5|5|Comment
33|5|5|5|Comment
34|5|5|5|Comment
35|5|5|5|Comment
36|5|5|5|Comment
37|5|5|5|Comment
38|5|5|5|Comment
39|5|5|5|Comment
40|5|5|5|Comment
41|5|5|5|Comment
42|5|5|5|Comment
43|5|5|5|Comment
44|5|5|5|Comment
45|5|5|5|Comment
46|5|5|5|Comment
47|5|5|5|Comment
48|5|5|5|Comment
49|5|5|5|Comment
50|5|5|5|Comment
51|5|5|5|Comment
52|5|5|5|Comment
53|5|5|5|Comment
54|5|5|5|Comment
55|5|5|5|Comment
56|5|5|5|Comment
57|6|5|5|Comment
58|11|5|3|ovo je TEST
59|11|4|5|lalallla
60|11|5|3|ra42020
61|11|3|4|slika
62|16|1|3|aaaaaa
63|15|2|2|lalala
64|16|4|4|lalalalaaaaaaaaaaaaaaaaa
