0|Ime|0|opis ture|jezik|5|12/11/1234|8|False|5|True
1|Toure around Prague|1|Lorem ipsum dolor sit amet, consectetur adipiscing elit. Phasellus suscipit lacus id risus elementum tempor. Curabitur condimentum fringilla tortor, ac imperdiet urna auctor feugiat.|English|6|24/04/2023|8|False|5|False
2|Toure de France|2|Lorem ipsum dolor sit amet, consectetur adipiscing elit. Phasellus suscipit lacus id risus elementum tempor. Curabitur condimentum fringilla tortor, ac imperdiet urna auctor feugiat.|English|12|18/04/2023|14|False|5|True
3|Toure to Vienna|3|Lorem ipsum dolor sit amet, consectetur adipiscing elit. Phasellus suscipit lacus id risus elementum tempor. Curabitur condimentum fringilla tortor, ac imperdiet urna auctor feugiat.|German|21|28/04/2023|6|False|5|False
4|Tour 1|4|Tour through Serbia|Serbian|1|08/04/2023|5|False|3|True
5|Tour 2|1|Tour through Czech Republic|Czech|8|13/04/2023|4|False|3|True
8|Tour 4|8|Description of tour 4|Serbian|110|17/04/2023|2|False|3|True
9|aaa|5|sds|asd|5|26/03/2023|4|False|5|True
10|a1|10|s|Serbian|3|14/04/2023|3|False|3|True
11|a2|5|a|a|2|07/04/2022|3|False|5|True
12|Turica|12|Vroom|Serbian|64|12/07/2022|8|False|3|True
13|a|5|ssda|asd|45|07/04/2023|8|False|5|True
14|Tour3|14|nova tura 3|Italian|222|19/04/2023|3|False|3|False
15|New Tour 1|7|Description about new tour 1|Hungarian|100|07/05/2023|15|False|3|False
16|New Tour 2|4|Description about new tour 2|Greek|300|09/06/2023|5|False|3|True
17|New Tour 3|17|Description about new tour 3|Serbian|250|19/04/2023|4|False|3|False
18|zaza|1|zaz|Serbian|10|07/06/2023|10|False|3|False
19|Ime|2|DSEse|French|5|01/06/2023|3|False|3|False
20|Proba|5|Proba|Serbian|20|30/05/2023|2|False|3|False
21|sv|1|sv|Serbian|10|25/06/2022|10|False|3|True
22|sv|1|sv|Serbian|10|25/06/2022|10|False|3|True
23|sv|1|sv|Serbian|10|25/06/2022|10|False|3|True
24|sv|1|sv|Serbian|10|25/06/2022|10|False|3|True
25|sv|1|sv|Serbian|10|25/06/2022|10|False|3|True
26|sv|1|sv|Serbian|10|25/06/2022|10|False|3|True
27|sv|1|sv|Serbian|10|25/06/2022|10|False|3|True
29|sv|1|sv|Serbian|10|25/06/2022|10|False|3|True
29|sv|1|sv|Serbian|10|25/06/2022|10|False|3|True
30|sv|1|sv|Serbian|10|25/06/2022|10|False|3|True
31|sv|1|sv|Serbian|10|25/06/2022|10|False|3|True
32|sv|1|sv|Serbian|10|25/06/2022|10|False|3|True
33|sv|1|sv|Serbian|10|25/06/2022|10|False|3|True
34|sv|1|sv|Serbian|10|25/06/2022|10|False|3|True
35|sv|1|sv|Serbian|10|25/06/2022|10|False|3|True
36|sv|1|sv|Serbian|10|25/06/2022|10|False|3|True
37|sv|1|sv|Serbian|10|25/06/2022|10|False|3|True
38|sv|1|sv|Serbian|10|25/06/2022|10|False|3|True
39|sv|1|sv|Serbian|10|25/06/2022|10|False|3|True
40|sv|1|sv|Serbian|10|25/06/2022|10|False|3|True
41|sv|1|sv|Serbian|10|25/06/2022|10|False|3|True
42|fa|0|fa|Serbian|10|03/06/2023|2|False|17|False
43|Tour7|17|Description|German|80|10/06/2023|2|False|3|True
44|Tour8|19|Desc|German|44|10/06/2023|2|False|3|True
45|Tour9|10|Desc|Serbian|123|10/06/2023|5|False|3|True
46|Tour10|13|ttt|Greek|50|10/06/2023|1|False|3|True
47|A|18|A|A|10|10/06/2023|1|False|3|True
48|Roman empire|14|See Italy|English|30|12/06/2023|5|False|3|True
49|Serbian|4|See beautiful Serbia|Serbian|10|30/06/2023|2|False|3|False
50|Holiday|18|See Europe|English|20|01/07/2023|5|False|3|False
51|tura|2|opis|Serbian|20|23/06/2023|4|False|17|False
52|tura|7|opis|Serbian|20|16/06/2023|3|False|3|False
